[
  {
    "id": "the-ultimate-data-structures-algorithms-part-1",
    "title": "The Ultimate Data Structures & Algorithms Part 1",
    "thumbnailUrl": "/courses/The Ultimate Data Structures & Algorithms Part 1/thumbnail.jpg",
    "courseContent": [
      {
        "chapter": "1. Getting Started",
        "videos": [
          {
            "id": "1",
            "title": "1- Course Outline",
            "duration": "2:52",
            "completed": false,
            "path": "/public/courses/The Ultimate Data Structures & Algorithms Part 1/1. Getting Started/1. 1- Course Outline                                  (2_52).mp4",
            "type": "video"
          }
        ]
      },
      {
        "chapter": "2. The Big O Notation (16 m)",
        "videos": [
          {
            "id": "5",
            "title": "1- Introduction",
            "duration": "0:24",
            "completed": false,
            "path": "/public/courses/The Ultimate Data Structures & Algorithms Part 1/2. The Big O Notation (16 m)/5. 1- Introduction                                  (0_24).mp4",
            "type": "video"
          },
          {
            "id": "6",
            "title": "2- What is Big O",
            "duration": "1:58",
            "completed": false,
            "path": "/public/courses/The Ultimate Data Structures & Algorithms Part 1/2. The Big O Notation (16 m)/6. 2- What is Big O                                  (1_58).mp4",
            "type": "video"
          },
          {
            "id": "7",
            "title": "3- O",
            "duration": "1:29",
            "completed": false,
            "path": "/public/courses/The Ultimate Data Structures & Algorithms Part 1/2. The Big O Notation (16 m)/7. 3- O(1)                                  (1_29).mp4",
            "type": "video"
          },
          {
            "id": "8",
            "title": "4- O",
            "duration": "3:44",
            "completed": false,
            "path": "/public/courses/The Ultimate Data Structures & Algorithms Part 1/2. The Big O Notation (16 m)/8. 4- O(n)                                  (3_44).mp4",
            "type": "video"
          },
          {
            "id": "9",
            "title": "5- O",
            "duration": "2:24",
            "completed": false,
            "path": "/public/courses/The Ultimate Data Structures & Algorithms Part 1/2. The Big O Notation (16 m)/9. 5- O(n^2)                                  (2_24).mp4",
            "type": "video"
          },
          {
            "id": "10",
            "title": "6- O",
            "duration": "2:39",
            "completed": false,
            "path": "/public/courses/The Ultimate Data Structures & Algorithms Part 1/2. The Big O Notation (16 m)/10. 6- O(log n)                                  (2_39).mp4",
            "type": "video"
          },
          {
            "id": "11",
            "title": "7- O",
            "duration": "0:50",
            "completed": false,
            "path": "/public/courses/The Ultimate Data Structures & Algorithms Part 1/2. The Big O Notation (16 m)/11. 7- O(2^n)                                  (0_50).mp4",
            "type": "video"
          },
          {
            "id": "12",
            "title": "8- Space Complexity",
            "duration": "2:32",
            "completed": false,
            "path": "/public/courses/The Ultimate Data Structures & Algorithms Part 1/2. The Big O Notation (16 m)/12. 8- Space Complexity                                  (2_32).mp4",
            "type": "video"
          },
          {
            "id": "13",
            "title": "9- Cheat Sheet.pdf",
            "duration": "",
            "completed": false,
            "path": "/public/courses/The Ultimate Data Structures & Algorithms Part 1/2. The Big O Notation (16 m)/13. 9- Cheat Sheet.pdf",
            "type": "pdf"
          }
        ]
      },
      {
        "chapter": "3. Arrays (30 m)",
        "videos": [
          {
            "id": "14",
            "title": "1- Introduction",
            "duration": "0:44",
            "completed": false,
            "path": "/public/courses/The Ultimate Data Structures & Algorithms Part 1/3. Arrays (30 m)/14. 1- Introduction                                  (0_44).mp4",
            "type": "video"
          },
          {
            "id": "15",
            "title": "2- Understanding Arrays",
            "duration": "3:08",
            "completed": false,
            "path": "/public/courses/The Ultimate Data Structures & Algorithms Part 1/3. Arrays (30 m)/15. 2- Understanding Arrays                                  (3_08).mp4",
            "type": "video"
          },
          {
            "id": "16",
            "title": "3- Working with Arrays in Java",
            "duration": "3:29",
            "completed": false,
            "path": "/public/courses/The Ultimate Data Structures & Algorithms Part 1/3. Arrays (30 m)/16. 3- Working with Arrays in Java                                  (3_29).mp4",
            "type": "video"
          },
          {
            "id": "17",
            "title": "4- Exercise- Array Class",
            "duration": "2:51",
            "completed": false,
            "path": "/public/courses/The Ultimate Data Structures & Algorithms Part 1/3. Arrays (30 m)/17. 4- Exercise- Array Class                                  (2_51).mp4",
            "type": "video"
          },
          {
            "id": "18",
            "title": "5- Solution- Creating the Class",
            "duration": "3:19",
            "completed": false,
            "path": "/public/courses/The Ultimate Data Structures & Algorithms Part 1/3. Arrays (30 m)/18. 5- Solution- Creating the Class                                  (3_19).mp4",
            "type": "video"
          },
          {
            "id": "19",
            "title": "6- Solution- insert",
            "duration": "4:19",
            "completed": false,
            "path": "/public/courses/The Ultimate Data Structures & Algorithms Part 1/3. Arrays (30 m)/19. 6- Solution- insert()                                  (4_19).mp4",
            "type": "video"
          },
          {
            "id": "20",
            "title": "7- Solution- removeAt",
            "duration": "4:50",
            "completed": false,
            "path": "/public/courses/The Ultimate Data Structures & Algorithms Part 1/3. Arrays (30 m)/20. 7- Solution- removeAt()                                  (4_50).mp4",
            "type": "video"
          },
          {
            "id": "21",
            "title": "8- Solution- indexOf",
            "duration": "2:28",
            "completed": false,
            "path": "/public/courses/The Ultimate Data Structures & Algorithms Part 1/3. Arrays (30 m)/21. 8- Solution- indexOf()                                  (2_28).mp4",
            "type": "video"
          },
          {
            "id": "22",
            "title": "9- Dynamic Arrays",
            "duration": "3:48",
            "completed": false,
            "path": "/public/courses/The Ultimate Data Structures & Algorithms Part 1/3. Arrays (30 m)/22. 9- Dynamic Arrays                                  (3_48).mp4",
            "type": "video"
          },
          {
            "id": "23",
            "title": "10- Arrays- Exercises.pdf",
            "duration": "",
            "completed": false,
            "path": "/public/courses/The Ultimate Data Structures & Algorithms Part 1/3. Arrays (30 m)/23. 10- Arrays- Exercises.pdf",
            "type": "pdf"
          },
          {
            "id": "24",
            "title": "11- Summary",
            "duration": "1:09",
            "completed": false,
            "path": "/public/courses/The Ultimate Data Structures & Algorithms Part 1/3. Arrays (30 m)/24. 11- Summary                                  (1_09).mp4",
            "type": "video"
          }
        ]
      },
      {
        "chapter": "4. Linked Lists (54 m)",
        "videos": [
          {
            "id": "25",
            "title": "1- Introduction",
            "duration": "0:36",
            "completed": false,
            "path": "/public/courses/The Ultimate Data Structures & Algorithms Part 1/4. Linked Lists (54 m)/25. 1- Introduction                                  (0_36).mp4",
            "type": "video"
          },
          {
            "id": "26",
            "title": "2- What are Linked Lists",
            "duration": "4:33",
            "completed": false,
            "path": "/public/courses/The Ultimate Data Structures & Algorithms Part 1/4. Linked Lists (54 m)/26. 2- What are Linked Lists                                  (4_33).mp4",
            "type": "video"
          },
          {
            "id": "27",
            "title": "3- Working with Linked Lists",
            "duration": "3:24",
            "completed": false,
            "path": "/public/courses/The Ultimate Data Structures & Algorithms Part 1/4. Linked Lists (54 m)/27. 3- Working with Linked Lists                                  (3_24).mp4",
            "type": "video"
          },
          {
            "id": "28",
            "title": "4- Exercise- Building a Linked List",
            "duration": "1:25",
            "completed": false,
            "path": "/public/courses/The Ultimate Data Structures & Algorithms Part 1/4. Linked Lists (54 m)/28. 4- Exercise- Building a Linked List                                  (1_25).mp4",
            "type": "video"
          },
          {
            "id": "29",
            "title": "5- Solution- addLast",
            "duration": "6:09",
            "completed": false,
            "path": "/public/courses/The Ultimate Data Structures & Algorithms Part 1/4. Linked Lists (54 m)/29. 5- Solution- addLast                                  (6_09).mp4",
            "type": "video"
          },
          {
            "id": "30",
            "title": "6- Solution- addFirst",
            "duration": "2:13",
            "completed": false,
            "path": "/public/courses/The Ultimate Data Structures & Algorithms Part 1/4. Linked Lists (54 m)/30. 6- Solution- addFirst                                  (2_13).mp4",
            "type": "video"
          },
          {
            "id": "31",
            "title": "7- Solution- indexOf",
            "duration": "1:54",
            "completed": false,
            "path": "/public/courses/The Ultimate Data Structures & Algorithms Part 1/4. Linked Lists (54 m)/31. 7- Solution- indexOf                                  (1_54).mp4",
            "type": "video"
          },
          {
            "id": "32",
            "title": "8- Solution- contains",
            "duration": "1:05",
            "completed": false,
            "path": "/public/courses/The Ultimate Data Structures & Algorithms Part 1/4. Linked Lists (54 m)/32. 8- Solution- contains                                  (1_05).mp4",
            "type": "video"
          },
          {
            "id": "33",
            "title": "9- Solution- removeFirst",
            "duration": "4:23",
            "completed": false,
            "path": "/public/courses/The Ultimate Data Structures & Algorithms Part 1/4. Linked Lists (54 m)/33. 9- Solution- removeFirst                                  (4_23).mp4",
            "type": "video"
          },
          {
            "id": "34",
            "title": "10- Solution- removeLast",
            "duration": "4:40",
            "completed": false,
            "path": "/public/courses/The Ultimate Data Structures & Algorithms Part 1/4. Linked Lists (54 m)/34. 10- Solution- removeLast                                  (4_40).mp4",
            "type": "video"
          },
          {
            "id": "35",
            "title": "11- Implementing size",
            "duration": "4:15",
            "completed": false,
            "path": "/public/courses/The Ultimate Data Structures & Algorithms Part 1/4. Linked Lists (54 m)/35. 11- Implementing size()                                  (4_15).mp4",
            "type": "video"
          },
          {
            "id": "36",
            "title": "12- Converting Linked Lists to Arrays",
            "duration": "2:10",
            "completed": false,
            "path": "/public/courses/The Ultimate Data Structures & Algorithms Part 1/4. Linked Lists (54 m)/36. 12- Converting Linked Lists to Arrays                                  (2_10).mp4",
            "type": "video"
          },
          {
            "id": "37",
            "title": "13- Cheat Sheets",
            "duration": "1:12",
            "completed": false,
            "path": "/public/courses/The Ultimate Data Structures & Algorithms Part 1/4. Linked Lists (54 m)/37. 13- Cheat Sheets                                  (1_12).mp4",
            "type": "video"
          },
          {
            "id": "38",
            "title": "14- Arrays vs Linked Lists",
            "duration": "3:21",
            "completed": false,
            "path": "/public/courses/The Ultimate Data Structures & Algorithms Part 1/4. Linked Lists (54 m)/38. 14- Arrays vs Linked Lists                                  (3_21).mp4",
            "type": "video"
          },
          {
            "id": "39",
            "title": "15- Types of Linked Lists",
            "duration": "3:14",
            "completed": false,
            "path": "/public/courses/The Ultimate Data Structures & Algorithms Part 1/4. Linked Lists (54 m)/39. 15- Types of Linked Lists                                  (3_14).mp4",
            "type": "video"
          },
          {
            "id": "40",
            "title": "16- Exercise- Reversing a Linked List",
            "duration": "1:33",
            "completed": false,
            "path": "/public/courses/The Ultimate Data Structures & Algorithms Part 1/4. Linked Lists (54 m)/40. 16- Exercise- Reversing a Linked List                                  (1_33).mp4",
            "type": "video"
          },
          {
            "id": "41",
            "title": "17- Solution- Reversing a Linked List",
            "duration": "9:00",
            "completed": false,
            "path": "/public/courses/The Ultimate Data Structures & Algorithms Part 1/4. Linked Lists (54 m)/41. 17- Solution- Reversing a Linked List                                  (9_00).mp4",
            "type": "video"
          },
          {
            "id": "42",
            "title": "18- Exercise- Kth Node from the End",
            "duration": "3:20",
            "completed": false,
            "path": "/public/courses/The Ultimate Data Structures & Algorithms Part 1/4. Linked Lists (54 m)/42. 18- Exercise- Kth Node from the End                                  (3_20).mp4",
            "type": "video"
          },
          {
            "id": "43",
            "title": "19- Solution- Kth Node from the End",
            "duration": "5:22",
            "completed": false,
            "path": "/public/courses/The Ultimate Data Structures & Algorithms Part 1/4. Linked Lists (54 m)/43. 19- Solution- Kth Node from the End                                  (5_22).mp4",
            "type": "video"
          },
          {
            "id": "44",
            "title": "20- Linked Lists- Exercises.pdf",
            "duration": "",
            "completed": false,
            "path": "/public/courses/The Ultimate Data Structures & Algorithms Part 1/4. Linked Lists (54 m)/44. 20- Linked Lists- Exercises.pdf",
            "type": "pdf"
          },
          {
            "id": "45",
            "title": "21- Summary",
            "duration": "1:12",
            "completed": false,
            "path": "/public/courses/The Ultimate Data Structures & Algorithms Part 1/4. Linked Lists (54 m)/45. 21- Summary                                  (1_12).mp4",
            "type": "video"
          }
        ]
      },
      {
        "chapter": "5. Stacks (42 m)",
        "videos": [
          {
            "id": "47",
            "title": "1- Introduction",
            "duration": "0:31",
            "completed": false,
            "path": "/public/courses/The Ultimate Data Structures & Algorithms Part 1/5. Stacks (42 m)/47. 1- Introduction                                  (0_31).mp4",
            "type": "video"
          },
          {
            "id": "48",
            "title": "2- What are Stacks",
            "duration": "2:47",
            "completed": false,
            "path": "/public/courses/The Ultimate Data Structures & Algorithms Part 1/5. Stacks (42 m)/48. 2- What are Stacks                                  (2_47).mp4",
            "type": "video"
          },
          {
            "id": "49",
            "title": "3- Working with Stacks",
            "duration": "2:21",
            "completed": false,
            "path": "/public/courses/The Ultimate Data Structures & Algorithms Part 1/5. Stacks (42 m)/49. 3- Working with Stacks                                  (2_21).mp4",
            "type": "video"
          },
          {
            "id": "50",
            "title": "4- Exercise- Reversing a String",
            "duration": "0:41",
            "completed": false,
            "path": "/public/courses/The Ultimate Data Structures & Algorithms Part 1/5. Stacks (42 m)/50. 4- Exercise- Reversing a String                                  (0_41).mp4",
            "type": "video"
          },
          {
            "id": "51",
            "title": "5- Solution - Reversing a String",
            "duration": "5:01",
            "completed": false,
            "path": "/public/courses/The Ultimate Data Structures & Algorithms Part 1/5. Stacks (42 m)/51. 5- Solution - Reversing a String                                  (5_01).mp4",
            "type": "video"
          },
          {
            "id": "52",
            "title": "6- Exercise- Balanced Expressions",
            "duration": "2:54",
            "completed": false,
            "path": "/public/courses/The Ultimate Data Structures & Algorithms Part 1/5. Stacks (42 m)/52. 6- Exercise- Balanced Expressions                                  (2_54).mp4",
            "type": "video"
          },
          {
            "id": "53",
            "title": "7- Solution- A Basic Implementation",
            "duration": "5:17",
            "completed": false,
            "path": "/public/courses/The Ultimate Data Structures & Algorithms Part 1/5. Stacks (42 m)/53. 7- Solution- A Basic Implementation                                  (5_17).mp4",
            "type": "video"
          },
          {
            "id": "54",
            "title": "8- Solution- Supporting Other Brackets",
            "duration": "3:36",
            "completed": false,
            "path": "/public/courses/The Ultimate Data Structures & Algorithms Part 1/5. Stacks (42 m)/54. 8- Solution- Supporting Other Brackets                                  (3_36).mp4",
            "type": "video"
          },
          {
            "id": "55",
            "title": "9- Solution- First Refactoring",
            "duration": "4:09",
            "completed": false,
            "path": "/public/courses/The Ultimate Data Structures & Algorithms Part 1/5. Stacks (42 m)/55. 9- Solution- First Refactoring                                  (4_09).mp4",
            "type": "video"
          },
          {
            "id": "56",
            "title": "10- Solution- Second Refactoring",
            "duration": "5:50",
            "completed": false,
            "path": "/public/courses/The Ultimate Data Structures & Algorithms Part 1/5. Stacks (42 m)/56. 10- Solution- Second Refactoring                                  (5_50).mp4",
            "type": "video"
          },
          {
            "id": "57",
            "title": "11- Exercise- Building a Stack Using an Array",
            "duration": "0:47",
            "completed": false,
            "path": "/public/courses/The Ultimate Data Structures & Algorithms Part 1/5. Stacks (42 m)/57. 11- Exercise- Building a Stack Using an Array                                  (0_47).mp4",
            "type": "video"
          },
          {
            "id": "58",
            "title": "12- Solution- Implementing a Stack Using an Array",
            "duration": "8:18",
            "completed": false,
            "path": "/public/courses/The Ultimate Data Structures & Algorithms Part 1/5. Stacks (42 m)/58. 12- Solution- Implementing a Stack Using an Array                                  (8_18).mp4",
            "type": "video"
          },
          {
            "id": "59",
            "title": "13- Stacks- Exercises.pdf",
            "duration": "",
            "completed": false,
            "path": "/public/courses/The Ultimate Data Structures & Algorithms Part 1/5. Stacks (42 m)/59. 13- Stacks- Exercises.pdf",
            "type": "pdf"
          },
          {
            "id": "60",
            "title": "14- Summary",
            "duration": "0:33",
            "completed": false,
            "path": "/public/courses/The Ultimate Data Structures & Algorithms Part 1/5. Stacks (42 m)/60. 14- Summary                                  (0_33).mp4",
            "type": "video"
          }
        ]
      },
      {
        "chapter": "6. Queues (53 m)",
        "videos": [
          {
            "id": "61",
            "title": "1- Introduction",
            "duration": "0:26",
            "completed": false,
            "path": "/public/courses/The Ultimate Data Structures & Algorithms Part 1/6. Queues (53 m)/61. 1- Introduction                                  (0_26).mp4",
            "type": "video"
          },
          {
            "id": "62",
            "title": "2- What are Queues",
            "duration": "2:04",
            "completed": false,
            "path": "/public/courses/The Ultimate Data Structures & Algorithms Part 1/6. Queues (53 m)/62. 2- What are Queues                                  (2_04).mp4",
            "type": "video"
          },
          {
            "id": "63",
            "title": "3- Queues in Java",
            "duration": "5:12",
            "completed": false,
            "path": "/public/courses/The Ultimate Data Structures & Algorithms Part 1/6. Queues (53 m)/63. 3- Queues in Java                                  (5_12).mp4",
            "type": "video"
          },
          {
            "id": "64",
            "title": "4- Exercise- Reversing a Queue",
            "duration": "1:06",
            "completed": false,
            "path": "/public/courses/The Ultimate Data Structures & Algorithms Part 1/6. Queues (53 m)/64. 4- Exercise- Reversing a Queue                                  (1_06).mp4",
            "type": "video"
          },
          {
            "id": "65",
            "title": "5- Solution- Reversing a Queue",
            "duration": "2:17",
            "completed": false,
            "path": "/public/courses/The Ultimate Data Structures & Algorithms Part 1/6. Queues (53 m)/65. 5- Solution- Reversing a Queue                                  (2_17).mp4",
            "type": "video"
          },
          {
            "id": "66",
            "title": "6- Exercise- Building a Queue Using an Array",
            "duration": "2:03",
            "completed": false,
            "path": "/public/courses/The Ultimate Data Structures & Algorithms Part 1/6. Queues (53 m)/66. 6- Exercise- Building a Queue Using an Array                                  (2_03).mp4",
            "type": "video"
          },
          {
            "id": "67",
            "title": "7- Solution- A Basic Implementation",
            "duration": "6:32",
            "completed": false,
            "path": "/public/courses/The Ultimate Data Structures & Algorithms Part 1/6. Queues (53 m)/67. 7- Solution- A Basic Implementation                                  (6_32).mp4",
            "type": "video"
          },
          {
            "id": "68",
            "title": "8- Solution- Circular Arrays",
            "duration": "5:54",
            "completed": false,
            "path": "/public/courses/The Ultimate Data Structures & Algorithms Part 1/6. Queues (53 m)/68. 8- Solution- Circular Arrays                                  (5_54).mp4",
            "type": "video"
          },
          {
            "id": "69",
            "title": "9- Exercise- Implementing a Queue Using a Stack",
            "duration": "0:55",
            "completed": false,
            "path": "/public/courses/The Ultimate Data Structures & Algorithms Part 1/6. Queues (53 m)/69. 9- Exercise- Implementing a Queue Using a Stack                                  (0_55).mp4",
            "type": "video"
          },
          {
            "id": "70",
            "title": "10- Solution- Building a Queue Using a Stack",
            "duration": "7:43",
            "completed": false,
            "path": "/public/courses/The Ultimate Data Structures & Algorithms Part 1/6. Queues (53 m)/70. 10- Solution- Building a Queue Using a Stack                                  (7_43).mp4",
            "type": "video"
          },
          {
            "id": "71",
            "title": "11- Priority Queues",
            "duration": "1:53",
            "completed": false,
            "path": "/public/courses/The Ultimate Data Structures & Algorithms Part 1/6. Queues (53 m)/71. 11- Priority Queues                                  (1_53).mp4",
            "type": "video"
          },
          {
            "id": "72",
            "title": "12- Exercise- Building a Priority Queue",
            "duration": "3:57",
            "completed": false,
            "path": "/public/courses/The Ultimate Data Structures & Algorithms Part 1/6. Queues (53 m)/72. 12- Exercise- Building a Priority Queue                                  (3_57).mp4",
            "type": "video"
          },
          {
            "id": "73",
            "title": "13- Solution- Building a Priority Queue",
            "duration": "8:51",
            "completed": false,
            "path": "/public/courses/The Ultimate Data Structures & Algorithms Part 1/6. Queues (53 m)/73. 13- Solution- Building a Priority Queue                                  (8_51).mp4",
            "type": "video"
          },
          {
            "id": "74",
            "title": "14- Solution- Refactoring",
            "duration": "3:02",
            "completed": false,
            "path": "/public/courses/The Ultimate Data Structures & Algorithms Part 1/6. Queues (53 m)/74. 14- Solution- Refactoring                                  (3_02).mp4",
            "type": "video"
          },
          {
            "id": "75",
            "title": "15- Queues- Exercises.pdf",
            "duration": "",
            "completed": false,
            "path": "/public/courses/The Ultimate Data Structures & Algorithms Part 1/6. Queues (53 m)/75. 15- Queues- Exercises.pdf",
            "type": "pdf"
          },
          {
            "id": "76",
            "title": "16- Summary",
            "duration": "0:57",
            "completed": false,
            "path": "/public/courses/The Ultimate Data Structures & Algorithms Part 1/6. Queues (53 m)/76. 16- Summary                                  (0_57).mp4",
            "type": "video"
          }
        ]
      },
      {
        "chapter": "7. Hash Tables (68 m)",
        "videos": [
          {
            "id": "77",
            "title": "1- Introduction",
            "duration": "0:26",
            "completed": false,
            "path": "/public/courses/The Ultimate Data Structures & Algorithms Part 1/7. Hash Tables (68 m)/77. 1- Introduction                                  (0_26).mp4",
            "type": "video"
          },
          {
            "id": "78",
            "title": "2- What are Hash Tables",
            "duration": "2:44",
            "completed": false,
            "path": "/public/courses/The Ultimate Data Structures & Algorithms Part 1/7. Hash Tables (68 m)/78. 2- What are Hash Tables                                  (2_44).mp4",
            "type": "video"
          },
          {
            "id": "79",
            "title": "3- Working with Hash Tables",
            "duration": "6:07",
            "completed": false,
            "path": "/public/courses/The Ultimate Data Structures & Algorithms Part 1/7. Hash Tables (68 m)/79. 3- Working with Hash Tables                                  (6_07).mp4",
            "type": "video"
          },
          {
            "id": "80",
            "title": "4- Exercise- Find the First Non-repeated Character",
            "duration": "0:54",
            "completed": false,
            "path": "/public/courses/The Ultimate Data Structures & Algorithms Part 1/7. Hash Tables (68 m)/80. 4- Exercise- Find the First Non-repeated Character                                  (0_54).mp4",
            "type": "video"
          },
          {
            "id": "81",
            "title": "5- Solution- First Non-repeating Character",
            "duration": "7:39",
            "completed": false,
            "path": "/public/courses/The Ultimate Data Structures & Algorithms Part 1/7. Hash Tables (68 m)/81. 5- Solution- First Non-repeating Character                                  (7_39).mp4",
            "type": "video"
          },
          {
            "id": "82",
            "title": "6- Sets",
            "duration": "2:23",
            "completed": false,
            "path": "/public/courses/The Ultimate Data Structures & Algorithms Part 1/7. Hash Tables (68 m)/82. 6- Sets                                  (2_23).mp4",
            "type": "video"
          },
          {
            "id": "83",
            "title": "7- Exercise- First Repeated Character",
            "duration": "0:32",
            "completed": false,
            "path": "/public/courses/The Ultimate Data Structures & Algorithms Part 1/7. Hash Tables (68 m)/83. 7- Exercise- First Repeated Character                                  (0_32).mp4",
            "type": "video"
          },
          {
            "id": "84",
            "title": "8- Solution- First Repeated Character",
            "duration": "2:36",
            "completed": false,
            "path": "/public/courses/The Ultimate Data Structures & Algorithms Part 1/7. Hash Tables (68 m)/84. 8- Solution- First Repeated Character                                  (2_36).mp4",
            "type": "video"
          },
          {
            "id": "85",
            "title": "9- Hash Functions",
            "duration": "5:55",
            "completed": false,
            "path": "/public/courses/The Ultimate Data Structures & Algorithms Part 1/7. Hash Tables (68 m)/85. 9- Hash Functions                                  (5_55).mp4",
            "type": "video"
          },
          {
            "id": "86",
            "title": "10- Collisions",
            "duration": "1:06",
            "completed": false,
            "path": "/public/courses/The Ultimate Data Structures & Algorithms Part 1/7. Hash Tables (68 m)/86. 10- Collisions                                  (1_06).mp4",
            "type": "video"
          },
          {
            "id": "87",
            "title": "11- Chaining",
            "duration": "1:40",
            "completed": false,
            "path": "/public/courses/The Ultimate Data Structures & Algorithms Part 1/7. Hash Tables (68 m)/87. 11- Chaining                                  (1_40).mp4",
            "type": "video"
          },
          {
            "id": "88",
            "title": "12- Open Addressing- Linear Probing",
            "duration": "2:41",
            "completed": false,
            "path": "/public/courses/The Ultimate Data Structures & Algorithms Part 1/7. Hash Tables (68 m)/88. 12- Open Addressing- Linear Probing                                  (2_41).mp4",
            "type": "video"
          },
          {
            "id": "89",
            "title": "13- Open Addressing- Quadratic Probing",
            "duration": "1:29",
            "completed": false,
            "path": "/public/courses/The Ultimate Data Structures & Algorithms Part 1/7. Hash Tables (68 m)/89. 13- Open Addressing- Quadratic Probing                                  (1_29).mp4",
            "type": "video"
          },
          {
            "id": "90",
            "title": "14- Open Addressing- Double Hashing",
            "duration": "3:20",
            "completed": false,
            "path": "/public/courses/The Ultimate Data Structures & Algorithms Part 1/7. Hash Tables (68 m)/90. 14- Open Addressing- Double Hashing                                  (3_20).mp4",
            "type": "video"
          },
          {
            "id": "91",
            "title": "15- Exercise- Build a HashTable",
            "duration": "2:36",
            "completed": false,
            "path": "/public/courses/The Ultimate Data Structures & Algorithms Part 1/7. Hash Tables (68 m)/91. 15- Exercise- Build a HashTable                                  (2_36).mp4",
            "type": "video"
          },
          {
            "id": "92",
            "title": "16- Solution- put",
            "duration": "6:07",
            "completed": false,
            "path": "/public/courses/The Ultimate Data Structures & Algorithms Part 1/7. Hash Tables (68 m)/92. 16- Solution- put()                                  (6_07).mp4",
            "type": "video"
          },
          {
            "id": "93",
            "title": "17- Solution- get",
            "duration": "4:29",
            "completed": false,
            "path": "/public/courses/The Ultimate Data Structures & Algorithms Part 1/7. Hash Tables (68 m)/93. 17- Solution- get()                                  (4_29).mp4",
            "type": "video"
          },
          {
            "id": "94",
            "title": "18- Solution- remove",
            "duration": "2:30",
            "completed": false,
            "path": "/public/courses/The Ultimate Data Structures & Algorithms Part 1/7. Hash Tables (68 m)/94. 18- Solution- remove()                                  (2_30).mp4",
            "type": "video"
          },
          {
            "id": "95",
            "title": "19- Solution- Refactoring",
            "duration": "11:04",
            "completed": false,
            "path": "/public/courses/The Ultimate Data Structures & Algorithms Part 1/7. Hash Tables (68 m)/95. 19- Solution- Refactoring                                  (11_04).mp4",
            "type": "video"
          },
          {
            "id": "96",
            "title": "20- Hash Tables- Exercises.pdf",
            "duration": "",
            "completed": false,
            "path": "/public/courses/The Ultimate Data Structures & Algorithms Part 1/7. Hash Tables (68 m)/96. 20- Hash Tables- Exercises.pdf",
            "type": "pdf"
          },
          {
            "id": "97",
            "title": "21- Summary",
            "duration": "1:25",
            "completed": false,
            "path": "/public/courses/The Ultimate Data Structures & Algorithms Part 1/7. Hash Tables (68 m)/97. 21- Summary                                  (1_25).mp4",
            "type": "video"
          },
          {
            "id": "98",
            "title": "22- Course Wrap Up",
            "duration": "0:32",
            "completed": false,
            "path": "/public/courses/The Ultimate Data Structures & Algorithms Part 1/7. Hash Tables (68 m)/98. 22- Course Wrap Up                                  (0_32).mp4",
            "type": "video"
          }
        ]
      }
    ]
  },
  {
    "id": "the-ultimate-typescript-course",
    "title": "The Ultimate TypeScript Course",
    "thumbnailUrl": "/courses/The Ultimate TypeScript Course/thumbnail.jpg",
    "courseContent": [
      {
        "chapter": "1. Welcome (2m)",
        "videos": [
          {
            "id": "1",
            "title": "1- Welcome",
            "duration": "0:52",
            "completed": false,
            "path": "/public/courses/The Ultimate TypeScript Course/1. Welcome (2m)/1. 1- Welcome                                  (0_52).mp4",
            "type": "video"
          },
          {
            "id": "2",
            "title": "2- Prerequisites",
            "duration": "0:36",
            "completed": false,
            "path": "/public/courses/The Ultimate TypeScript Course/1. Welcome (2m)/2. 2- Prerequisites                                  (0_36).mp4",
            "type": "video"
          },
          {
            "id": "3",
            "title": "3- How to Take this Course",
            "duration": "0:55",
            "completed": false,
            "path": "/public/courses/The Ultimate TypeScript Course/1. Welcome (2m)/3. 3- How to Take this Course                                  (0_55).mp4",
            "type": "video"
          }
        ]
      },
      {
        "chapter": "2. Getting Started with TypeScript (20m)",
        "videos": [
          {
            "id": "7",
            "title": "1- Introduction",
            "duration": "0:31",
            "completed": false,
            "path": "/public/courses/The Ultimate TypeScript Course/2. Getting Started with TypeScript (20m)/7. 1- Introduction                                  (0_31).mp4",
            "type": "video"
          },
          {
            "id": "8",
            "title": "2- What is TypeScript",
            "duration": "4:41",
            "completed": false,
            "path": "/public/courses/The Ultimate TypeScript Course/2. Getting Started with TypeScript (20m)/8. 2- What is TypeScript                                  (4_41).mp4",
            "type": "video"
          },
          {
            "id": "9",
            "title": "3- Setting Up the Development Environment",
            "duration": "1:51",
            "completed": false,
            "path": "/public/courses/The Ultimate TypeScript Course/2. Getting Started with TypeScript (20m)/9. 3- Setting Up the Development Environment                                  (1_51).mp4",
            "type": "video"
          },
          {
            "id": "10",
            "title": "4- Your First TypeScript Program",
            "duration": "3:50",
            "completed": false,
            "path": "/public/courses/The Ultimate TypeScript Course/2. Getting Started with TypeScript (20m)/10. 4- Your First TypeScript Program                                  (3_50).mp4",
            "type": "video"
          },
          {
            "id": "11",
            "title": "5- Configuring the TypeScript Compiler",
            "duration": "4:03",
            "completed": false,
            "path": "/public/courses/The Ultimate TypeScript Course/2. Getting Started with TypeScript (20m)/11. 5- Configuring the TypeScript Compiler                                  (4_03).mp4",
            "type": "video"
          },
          {
            "id": "12",
            "title": "6- Debugging TypeScript Applications",
            "duration": "4:53",
            "completed": false,
            "path": "/public/courses/The Ultimate TypeScript Course/2. Getting Started with TypeScript (20m)/12. 6- Debugging TypeScript Applications                                  (4_53).mp4",
            "type": "video"
          },
          {
            "id": "13",
            "title": "7 - Summary.pdf",
            "duration": "",
            "completed": false,
            "path": "/public/courses/The Ultimate TypeScript Course/2. Getting Started with TypeScript (20m)/13. 7 - Summary.pdf",
            "type": "pdf"
          }
        ]
      },
      {
        "chapter": "3. Fundamentals (25m)",
        "videos": [
          {
            "id": "14",
            "title": "1- Introduction",
            "duration": "0:28",
            "completed": false,
            "path": "/public/courses/The Ultimate TypeScript Course/3. Fundamentals (25m)/14. 1- Introduction                                  (0_28).mp4",
            "type": "video"
          },
          {
            "id": "15",
            "title": "2- Built-in Types",
            "duration": "1:58",
            "completed": false,
            "path": "/public/courses/The Ultimate TypeScript Course/3. Fundamentals (25m)/15. 2- Built-in Types                                  (1_58).mp4",
            "type": "video"
          },
          {
            "id": "16",
            "title": "3- The any Type",
            "duration": "2:45",
            "completed": false,
            "path": "/public/courses/The Ultimate TypeScript Course/3. Fundamentals (25m)/16. 3- The any Type                                  (2_45).mp4",
            "type": "video"
          },
          {
            "id": "17",
            "title": "4- Strict Compiler Option.pdf",
            "duration": "",
            "completed": false,
            "path": "/public/courses/The Ultimate TypeScript Course/3. Fundamentals (25m)/17. 4- Strict Compiler Option.pdf",
            "type": "pdf"
          },
          {
            "id": "18",
            "title": "5- Arrays",
            "duration": "2:18",
            "completed": false,
            "path": "/public/courses/The Ultimate TypeScript Course/3. Fundamentals (25m)/18. 5- Arrays                                  (2_18).mp4",
            "type": "video"
          },
          {
            "id": "19",
            "title": "6- Tuples",
            "duration": "2:43",
            "completed": false,
            "path": "/public/courses/The Ultimate TypeScript Course/3. Fundamentals (25m)/19. 6- Tuples                                  (2_43).mp4",
            "type": "video"
          },
          {
            "id": "20",
            "title": "7- Enums",
            "duration": "3:23",
            "completed": false,
            "path": "/public/courses/The Ultimate TypeScript Course/3. Fundamentals (25m)/20. 7- Enums                                  (3_23).mp4",
            "type": "video"
          },
          {
            "id": "21",
            "title": "8- Functions",
            "duration": "6:51",
            "completed": false,
            "path": "/public/courses/The Ultimate TypeScript Course/3. Fundamentals (25m)/21. 8- Functions                                  (6_51).mp4",
            "type": "video"
          },
          {
            "id": "22",
            "title": "9- Objects",
            "duration": "4:34",
            "completed": false,
            "path": "/public/courses/The Ultimate TypeScript Course/3. Fundamentals (25m)/22. 9- Objects                                  (4_34).mp4",
            "type": "video"
          },
          {
            "id": "23",
            "title": "10- Summary.pdf",
            "duration": "",
            "completed": false,
            "path": "/public/courses/The Ultimate TypeScript Course/3. Fundamentals (25m)/23. 10- Summary.pdf",
            "type": "pdf"
          },
          {
            "id": "24",
            "title": "11- Exercises.pdf",
            "duration": "",
            "completed": false,
            "path": "/public/courses/The Ultimate TypeScript Course/3. Fundamentals (25m)/24. 11- Exercises.pdf",
            "type": "pdf"
          }
        ]
      },
      {
        "chapter": "4. Advanced Types (26m)",
        "videos": [
          {
            "id": "25",
            "title": "1- Introduction",
            "duration": "0:29",
            "completed": false,
            "path": "/public/courses/The Ultimate TypeScript Course/4. Advanced Types (26m)/25. 1- Introduction                                  (0_29).mp4",
            "type": "video"
          },
          {
            "id": "26",
            "title": "2- Type Aliases",
            "duration": "1:38",
            "completed": false,
            "path": "/public/courses/The Ultimate TypeScript Course/4. Advanced Types (26m)/26. 2- Type Aliases                                  (1_38).mp4",
            "type": "video"
          },
          {
            "id": "27",
            "title": "3- Union Types",
            "duration": "2:36",
            "completed": false,
            "path": "/public/courses/The Ultimate TypeScript Course/4. Advanced Types (26m)/27. 3- Union Types                                  (2_36).mp4",
            "type": "video"
          },
          {
            "id": "28",
            "title": "4- Intersection Types",
            "duration": "2:03",
            "completed": false,
            "path": "/public/courses/The Ultimate TypeScript Course/4. Advanced Types (26m)/28. 4- Intersection Types                                  (2_03).mp4",
            "type": "video"
          },
          {
            "id": "29",
            "title": "5- Literal Types",
            "duration": "1:45",
            "completed": false,
            "path": "/public/courses/The Ultimate TypeScript Course/4. Advanced Types (26m)/29. 5- Literal Types                                  (1_45).mp4",
            "type": "video"
          },
          {
            "id": "30",
            "title": "6- Nullable Types",
            "duration": "2:36",
            "completed": false,
            "path": "/public/courses/The Ultimate TypeScript Course/4. Advanced Types (26m)/30. 6- Nullable Types                                  (2_36).mp4",
            "type": "video"
          },
          {
            "id": "31",
            "title": "7- Optional Chaining",
            "duration": "4:41",
            "completed": false,
            "path": "/public/courses/The Ultimate TypeScript Course/4. Advanced Types (26m)/31. 7- Optional Chaining                                  (4_41).mp4",
            "type": "video"
          },
          {
            "id": "32",
            "title": "8- The Nullish Coaelscing Operator",
            "duration": "1:59",
            "completed": false,
            "path": "/public/courses/The Ultimate TypeScript Course/4. Advanced Types (26m)/32. 8- The Nullish Coaelscing Operator                                  (1_59).mp4",
            "type": "video"
          },
          {
            "id": "33",
            "title": "9- Type Assertions",
            "duration": "3:07",
            "completed": false,
            "path": "/public/courses/The Ultimate TypeScript Course/4. Advanced Types (26m)/33. 9- Type Assertions                                  (3_07).mp4",
            "type": "video"
          },
          {
            "id": "34",
            "title": "10- The unknown Type",
            "duration": "2:24",
            "completed": false,
            "path": "/public/courses/The Ultimate TypeScript Course/4. Advanced Types (26m)/34. 10- The unknown Type                                  (2_24).mp4",
            "type": "video"
          },
          {
            "id": "35",
            "title": "11- The never Type",
            "duration": "2:59",
            "completed": false,
            "path": "/public/courses/The Ultimate TypeScript Course/4. Advanced Types (26m)/35. 11- The never Type                                  (2_59).mp4",
            "type": "video"
          },
          {
            "id": "36",
            "title": "12- Summary.pdf",
            "duration": "",
            "completed": false,
            "path": "/public/courses/The Ultimate TypeScript Course/4. Advanced Types (26m)/36. 12- Summary.pdf",
            "type": "pdf"
          },
          {
            "id": "37",
            "title": "13- Exercises.pdf",
            "duration": "",
            "completed": false,
            "path": "/public/courses/The Ultimate TypeScript Course/4. Advanced Types (26m)/37. 13- Exercises.pdf",
            "type": "pdf"
          }
        ]
      },
      {
        "chapter": "5. Classes, Interfaces and Object-oriented Programming (55m)",
        "videos": [
          {
            "id": "38",
            "title": "1- Introduction",
            "duration": "0:51",
            "completed": false,
            "path": "/public/courses/The Ultimate TypeScript Course/5. Classes, Interfaces and Object-oriented Programming (55m)/38. 1- Introduction                                  (0_51).mp4",
            "type": "video"
          },
          {
            "id": "39",
            "title": "2- What is Object-oriented Programming",
            "duration": "3:34",
            "completed": false,
            "path": "/public/courses/The Ultimate TypeScript Course/5. Classes, Interfaces and Object-oriented Programming (55m)/39. 2- What is Object-oriented Programming                                  (3_34).mp4",
            "type": "video"
          },
          {
            "id": "40",
            "title": "3- Creating Classes",
            "duration": "3:55",
            "completed": false,
            "path": "/public/courses/The Ultimate TypeScript Course/5. Classes, Interfaces and Object-oriented Programming (55m)/40. 3- Creating Classes                                  (3_55).mp4",
            "type": "video"
          },
          {
            "id": "41",
            "title": "4- Creating Objects",
            "duration": "3:24",
            "completed": false,
            "path": "/public/courses/The Ultimate TypeScript Course/5. Classes, Interfaces and Object-oriented Programming (55m)/41. 4- Creating Objects                                  (3_24).mp4",
            "type": "video"
          },
          {
            "id": "42",
            "title": "5- Read-only and Optional Properties",
            "duration": "1:44",
            "completed": false,
            "path": "/public/courses/The Ultimate TypeScript Course/5. Classes, Interfaces and Object-oriented Programming (55m)/42. 5- Read-only and Optional Properties                                  (1_44).mp4",
            "type": "video"
          },
          {
            "id": "43",
            "title": "6- Access Control Keywords",
            "duration": "3:42",
            "completed": false,
            "path": "/public/courses/The Ultimate TypeScript Course/5. Classes, Interfaces and Object-oriented Programming (55m)/43. 6- Access Control Keywords                                  (3_42).mp4",
            "type": "video"
          },
          {
            "id": "44",
            "title": "7- Parameter Properties",
            "duration": "1:58",
            "completed": false,
            "path": "/public/courses/The Ultimate TypeScript Course/5. Classes, Interfaces and Object-oriented Programming (55m)/44. 7- Parameter Properties                                  (1_58).mp4",
            "type": "video"
          },
          {
            "id": "45",
            "title": "8- Getters and Setters",
            "duration": "2:26",
            "completed": false,
            "path": "/public/courses/The Ultimate TypeScript Course/5. Classes, Interfaces and Object-oriented Programming (55m)/45. 8- Getters and Setters                                  (2_26).mp4",
            "type": "video"
          },
          {
            "id": "46",
            "title": "9- Index Signatures",
            "duration": "3:08",
            "completed": false,
            "path": "/public/courses/The Ultimate TypeScript Course/5. Classes, Interfaces and Object-oriented Programming (55m)/46. 9- Index Signatures                                  (3_08).mp4",
            "type": "video"
          },
          {
            "id": "47",
            "title": "10- Static Members",
            "duration": "4:58",
            "completed": false,
            "path": "/public/courses/The Ultimate TypeScript Course/5. Classes, Interfaces and Object-oriented Programming (55m)/47. 10- Static Members                                  (4_58).mp4",
            "type": "video"
          },
          {
            "id": "48",
            "title": "11- Inheritance",
            "duration": "4:49",
            "completed": false,
            "path": "/public/courses/The Ultimate TypeScript Course/5. Classes, Interfaces and Object-oriented Programming (55m)/48. 11- Inheritance                                  (4_49).mp4",
            "type": "video"
          },
          {
            "id": "49",
            "title": "12- Method Overriding",
            "duration": "3:50",
            "completed": false,
            "path": "/public/courses/The Ultimate TypeScript Course/5. Classes, Interfaces and Object-oriented Programming (55m)/49. 12- Method Overriding                                  (3_50).mp4",
            "type": "video"
          },
          {
            "id": "50",
            "title": "13- Polymorphism",
            "duration": "5:13",
            "completed": false,
            "path": "/public/courses/The Ultimate TypeScript Course/5. Classes, Interfaces and Object-oriented Programming (55m)/50. 13- Polymorphism                                  (5_13).mp4",
            "type": "video"
          },
          {
            "id": "51",
            "title": "14- Private vs Protected Members",
            "duration": "1:33",
            "completed": false,
            "path": "/public/courses/The Ultimate TypeScript Course/5. Classes, Interfaces and Object-oriented Programming (55m)/51. 14- Private vs Protected Members                                  (1_33).mp4",
            "type": "video"
          },
          {
            "id": "52",
            "title": "15- Abstract Classes and Methods",
            "duration": "4:06",
            "completed": false,
            "path": "/public/courses/The Ultimate TypeScript Course/5. Classes, Interfaces and Object-oriented Programming (55m)/52. 15- Abstract Classes and Methods                                  (4_06).mp4",
            "type": "video"
          },
          {
            "id": "53",
            "title": "16- Interfaces",
            "duration": "6:44",
            "completed": false,
            "path": "/public/courses/The Ultimate TypeScript Course/5. Classes, Interfaces and Object-oriented Programming (55m)/53. 16- Interfaces                                  (6_44).mp4",
            "type": "video"
          },
          {
            "id": "54",
            "title": "17- Interfaces vs Types.pdf",
            "duration": "",
            "completed": false,
            "path": "/public/courses/The Ultimate TypeScript Course/5. Classes, Interfaces and Object-oriented Programming (55m)/54. 17- Interfaces vs Types.pdf",
            "type": "pdf"
          },
          {
            "id": "55",
            "title": "18- Summary.pdf",
            "duration": "",
            "completed": false,
            "path": "/public/courses/The Ultimate TypeScript Course/5. Classes, Interfaces and Object-oriented Programming (55m)/55. 18- Summary.pdf",
            "type": "pdf"
          },
          {
            "id": "56",
            "title": "19- Exercises.pdf",
            "duration": "",
            "completed": false,
            "path": "/public/courses/The Ultimate TypeScript Course/5. Classes, Interfaces and Object-oriented Programming (55m)/56. 19- Exercises.pdf",
            "type": "pdf"
          }
        ]
      },
      {
        "chapter": "6. Generics (29m)",
        "videos": [
          {
            "id": "57",
            "title": "1- Introduction",
            "duration": "0:24",
            "completed": false,
            "path": "/public/courses/The Ultimate TypeScript Course/6. Generics (29m)/57. 1- Introduction                                  (0_24).mp4",
            "type": "video"
          },
          {
            "id": "58",
            "title": "2- Understanding the Problem",
            "duration": "2:05",
            "completed": false,
            "path": "/public/courses/The Ultimate TypeScript Course/6. Generics (29m)/58. 2- Understanding the Problem                                  (2_05).mp4",
            "type": "video"
          },
          {
            "id": "59",
            "title": "3- Generic Classes",
            "duration": "2:52",
            "completed": false,
            "path": "/public/courses/The Ultimate TypeScript Course/6. Generics (29m)/59. 3- Generic Classes                                  (2_52).mp4",
            "type": "video"
          },
          {
            "id": "60",
            "title": "4- Generic Functions",
            "duration": "1:58",
            "completed": false,
            "path": "/public/courses/The Ultimate TypeScript Course/6. Generics (29m)/60. 4- Generic Functions                                  (1_58).mp4",
            "type": "video"
          },
          {
            "id": "61",
            "title": "5- Generic Interfaces",
            "duration": "3:22",
            "completed": false,
            "path": "/public/courses/The Ultimate TypeScript Course/6. Generics (29m)/61. 5- Generic Interfaces                                  (3_22).mp4",
            "type": "video"
          },
          {
            "id": "62",
            "title": "6- Generic Constraints",
            "duration": "2:22",
            "completed": false,
            "path": "/public/courses/The Ultimate TypeScript Course/6. Generics (29m)/62. 6- Generic Constraints                                  (2_22).mp4",
            "type": "video"
          },
          {
            "id": "63",
            "title": "7- Extending Generic Classes",
            "duration": "6:56",
            "completed": false,
            "path": "/public/courses/The Ultimate TypeScript Course/6. Generics (29m)/63. 7- Extending Generic Classes                                  (6_56).mp4",
            "type": "video"
          },
          {
            "id": "64",
            "title": "8- The keyof Operator",
            "duration": "3:39",
            "completed": false,
            "path": "/public/courses/The Ultimate TypeScript Course/6. Generics (29m)/64. 8- The keyof Operator                                  (3_39).mp4",
            "type": "video"
          },
          {
            "id": "65",
            "title": "9- Type Mapping",
            "duration": "5:02",
            "completed": false,
            "path": "/public/courses/The Ultimate TypeScript Course/6. Generics (29m)/65. 9- Type Mapping                                  (5_02).mp4",
            "type": "video"
          },
          {
            "id": "66",
            "title": "10- Summary.pdf",
            "duration": "",
            "completed": false,
            "path": "/public/courses/The Ultimate TypeScript Course/6. Generics (29m)/66. 10- Summary.pdf",
            "type": "pdf"
          },
          {
            "id": "67",
            "title": "11- Exercises.pdf",
            "duration": "",
            "completed": false,
            "path": "/public/courses/The Ultimate TypeScript Course/6. Generics (29m)/67. 11- Exercises.pdf",
            "type": "pdf"
          }
        ]
      },
      {
        "chapter": "7. Decorators (29m)",
        "videos": [
          {
            "id": "68",
            "title": "1- Introduction",
            "duration": "0:29",
            "completed": false,
            "path": "/public/courses/The Ultimate TypeScript Course/7. Decorators (29m)/68. 1- Introduction                                  (0_29).mp4",
            "type": "video"
          },
          {
            "id": "69",
            "title": "2- What Are Decorators",
            "duration": "1:39",
            "completed": false,
            "path": "/public/courses/The Ultimate TypeScript Course/7. Decorators (29m)/69. 2- What Are Decorators                                  (1_39).mp4",
            "type": "video"
          },
          {
            "id": "70",
            "title": "3- Class Decorators",
            "duration": "4:00",
            "completed": false,
            "path": "/public/courses/The Ultimate TypeScript Course/7. Decorators (29m)/70. 3- Class Decorators                                  (4_00).mp4",
            "type": "video"
          },
          {
            "id": "71",
            "title": "4- Parameterized Decorators",
            "duration": "2:12",
            "completed": false,
            "path": "/public/courses/The Ultimate TypeScript Course/7. Decorators (29m)/71. 4- Parameterized Decorators                                  (2_12).mp4",
            "type": "video"
          },
          {
            "id": "72",
            "title": "5- Decorator Composition",
            "duration": "1:22",
            "completed": false,
            "path": "/public/courses/The Ultimate TypeScript Course/7. Decorators (29m)/72. 5- Decorator Composition                                  (1_22).mp4",
            "type": "video"
          },
          {
            "id": "73",
            "title": "6- Method Decorators",
            "duration": "7:02",
            "completed": false,
            "path": "/public/courses/The Ultimate TypeScript Course/7. Decorators (29m)/73. 6- Method Decorators                                  (7_02).mp4",
            "type": "video"
          },
          {
            "id": "74",
            "title": "7- Accessor Decorators - Title",
            "duration": "4:44",
            "completed": false,
            "path": "/public/courses/The Ultimate TypeScript Course/7. Decorators (29m)/74. 7- Accessor Decorators - Title                                  (4_44).mp4",
            "type": "video"
          },
          {
            "id": "75",
            "title": "8- Property Decorators",
            "duration": "4:59",
            "completed": false,
            "path": "/public/courses/The Ultimate TypeScript Course/7. Decorators (29m)/75. 8- Property Decorators                                  (4_59).mp4",
            "type": "video"
          },
          {
            "id": "76",
            "title": "9- Parameter Decorators",
            "duration": "2:22",
            "completed": false,
            "path": "/public/courses/The Ultimate TypeScript Course/7. Decorators (29m)/76. 9- Parameter Decorators                                  (2_22).mp4",
            "type": "video"
          },
          {
            "id": "77",
            "title": "10- Summary.pdf",
            "duration": "",
            "completed": false,
            "path": "/public/courses/The Ultimate TypeScript Course/7. Decorators (29m)/77. 10- Summary.pdf",
            "type": "pdf"
          },
          {
            "id": "78",
            "title": "11- Exercises.pdf",
            "duration": "",
            "completed": false,
            "path": "/public/courses/The Ultimate TypeScript Course/7. Decorators (29m)/78. 11- Exercises.pdf",
            "type": "pdf"
          }
        ]
      },
      {
        "chapter": "8. Modules (16m)",
        "videos": [
          {
            "id": "79",
            "title": "1- Introduction",
            "duration": "0:35",
            "completed": false,
            "path": "/public/courses/The Ultimate TypeScript Course/8. Modules (16m)/79. 1- Introduction                                  (0_35).mp4",
            "type": "video"
          },
          {
            "id": "80",
            "title": "2- Exporting and Importing",
            "duration": "4:20",
            "completed": false,
            "path": "/public/courses/The Ultimate TypeScript Course/8. Modules (16m)/80. 2- Exporting and Importing                                  (4_20).mp4",
            "type": "video"
          },
          {
            "id": "81",
            "title": "3- Module Formats",
            "duration": "3:19",
            "completed": false,
            "path": "/public/courses/The Ultimate TypeScript Course/8. Modules (16m)/81. 3- Module Formats                                  (3_19).mp4",
            "type": "video"
          },
          {
            "id": "82",
            "title": "4- Default Exports",
            "duration": "2:58",
            "completed": false,
            "path": "/public/courses/The Ultimate TypeScript Course/8. Modules (16m)/82. 4- Default Exports                                  (2_58).mp4",
            "type": "video"
          },
          {
            "id": "83",
            "title": "5- Wildcard Imports",
            "duration": "0:57",
            "completed": false,
            "path": "/public/courses/The Ultimate TypeScript Course/8. Modules (16m)/83. 5- Wildcard Imports                                  (0_57).mp4",
            "type": "video"
          },
          {
            "id": "84",
            "title": "6- Re-exporting",
            "duration": "3:15",
            "completed": false,
            "path": "/public/courses/The Ultimate TypeScript Course/8. Modules (16m)/84. 6- Re-exporting                                  (3_15).mp4",
            "type": "video"
          },
          {
            "id": "85",
            "title": "7- Summary.pdf",
            "duration": "",
            "completed": false,
            "path": "/public/courses/The Ultimate TypeScript Course/8. Modules (16m)/85. 7- Summary.pdf",
            "type": "pdf"
          }
        ]
      },
      {
        "chapter": "9. Integration with JavaScript (12m)",
        "videos": [
          {
            "id": "86",
            "title": "1- Introduction",
            "duration": "0:34",
            "completed": false,
            "path": "/public/courses/The Ultimate TypeScript Course/9. Integration with JavaScript (12m)/86. 1- Introduction                                  (0_34).mp4",
            "type": "video"
          },
          {
            "id": "87",
            "title": "2- Including JS Code in TS Projects",
            "duration": "2:18",
            "completed": false,
            "path": "/public/courses/The Ultimate TypeScript Course/9. Integration with JavaScript (12m)/87. 2- Including JS Code in TS Projects                                  (2_18).mp4",
            "type": "video"
          },
          {
            "id": "88",
            "title": "3- Type Checking JS Code",
            "duration": "2:16",
            "completed": false,
            "path": "/public/courses/The Ultimate TypeScript Course/9. Integration with JavaScript (12m)/88. 3- Type Checking JS Code                                  (2_16).mp4",
            "type": "video"
          },
          {
            "id": "89",
            "title": "4- Describing Types Using JSDoc",
            "duration": "2:10",
            "completed": false,
            "path": "/public/courses/The Ultimate TypeScript Course/9. Integration with JavaScript (12m)/89. 4- Describing Types Using JSDoc                                  (2_10).mp4",
            "type": "video"
          },
          {
            "id": "90",
            "title": "5- Creating Declaration Files",
            "duration": "2:20",
            "completed": false,
            "path": "/public/courses/The Ultimate TypeScript Course/9. Integration with JavaScript (12m)/90. 5- Creating Declaration Files                                  (2_20).mp4",
            "type": "video"
          },
          {
            "id": "91",
            "title": "6- Using Definitely Typed Declaration Files",
            "duration": "2:32",
            "completed": false,
            "path": "/public/courses/The Ultimate TypeScript Course/9. Integration with JavaScript (12m)/91. 6- Using Definitely Typed Declaration Files                                  (2_32).mp4",
            "type": "video"
          },
          {
            "id": "92",
            "title": "7- Summary.pdf",
            "duration": "",
            "completed": false,
            "path": "/public/courses/The Ultimate TypeScript Course/9. Integration with JavaScript (12m)/92. 7- Summary.pdf",
            "type": "pdf"
          }
        ]
      },
      {
        "chapter": "10. React with TypeScript (30m)",
        "videos": [
          {
            "id": "93",
            "title": "1- Introduction",
            "duration": "0:28",
            "completed": false,
            "path": "/public/courses/The Ultimate TypeScript Course/10. React with TypeScript (30m)/93. 1- Introduction                                  (0_28).mp4",
            "type": "video"
          },
          {
            "id": "94",
            "title": "2- Creating a React App with TypeScript",
            "duration": "1:28",
            "completed": false,
            "path": "/public/courses/The Ultimate TypeScript Course/10. React with TypeScript (30m)/94. 2- Creating a React App with TypeScript                                  (1_28).mp4",
            "type": "video"
          },
          {
            "id": "95",
            "title": "3- Adding Bootstrap",
            "duration": "1:34",
            "completed": false,
            "path": "/public/courses/The Ultimate TypeScript Course/10. React with TypeScript (30m)/95. 3- Adding Bootstrap                                  (1_34).mp4",
            "type": "video"
          },
          {
            "id": "96",
            "title": "4- Creating a Component - Title",
            "duration": "5:11",
            "completed": false,
            "path": "/public/courses/The Ultimate TypeScript Course/10. React with TypeScript (30m)/96. 4- Creating a Component - Title                                  (5_11).mp4",
            "type": "video"
          },
          {
            "id": "97",
            "title": "5- Using the State Hook",
            "duration": "2:09",
            "completed": false,
            "path": "/public/courses/The Ultimate TypeScript Course/10. React with TypeScript (30m)/97. 5- Using the State Hook                                  (2_09).mp4",
            "type": "video"
          },
          {
            "id": "98",
            "title": "6- Calling the Backend",
            "duration": "4:17",
            "completed": false,
            "path": "/public/courses/The Ultimate TypeScript Course/10. React with TypeScript (30m)/98. 6- Calling the Backend                                  (4_17).mp4",
            "type": "video"
          },
          {
            "id": "99",
            "title": "7- Using the Effect Hook",
            "duration": "2:08",
            "completed": false,
            "path": "/public/courses/The Ultimate TypeScript Course/10. React with TypeScript (30m)/99. 7- Using the Effect Hook                                  (2_08).mp4",
            "type": "video"
          },
          {
            "id": "100",
            "title": "8- Handling Events",
            "duration": "3:41",
            "completed": false,
            "path": "/public/courses/The Ultimate TypeScript Course/10. React with TypeScript (30m)/100. 8- Handling Events                                  (3_41).mp4",
            "type": "video"
          },
          {
            "id": "101",
            "title": "9- Building a Form",
            "duration": "3:34",
            "completed": false,
            "path": "/public/courses/The Ultimate TypeScript Course/10. React with TypeScript (30m)/101. 9- Building a Form                                  (3_34).mp4",
            "type": "video"
          },
          {
            "id": "102",
            "title": "10- Handling Form Submission",
            "duration": "4:51",
            "completed": false,
            "path": "/public/courses/The Ultimate TypeScript Course/10. React with TypeScript (30m)/102. 10- Handling Form Submission                                  (4_51).mp4",
            "type": "video"
          },
          {
            "id": "103",
            "title": "11- Additional Reading.pdf",
            "duration": "",
            "completed": false,
            "path": "/public/courses/The Ultimate TypeScript Course/10. React with TypeScript (30m)/103. 11- Additional Reading.pdf",
            "type": "pdf"
          }
        ]
      },
      {
        "chapter": "11. Node and Express with TypeScript (20m)",
        "videos": [
          {
            "id": "104",
            "title": "1- Introduction",
            "duration": "0:32",
            "completed": false,
            "path": "/public/courses/The Ultimate TypeScript Course/11. Node and Express with TypeScript (20m)/104. 1- Introduction                                  (0_32).mp4",
            "type": "video"
          },
          {
            "id": "105",
            "title": "2- Executing TypeScript Code with Node",
            "duration": "2:39",
            "completed": false,
            "path": "/public/courses/The Ultimate TypeScript Course/11. Node and Express with TypeScript (20m)/105. 2- Executing TypeScript Code with Node                                  (2_39).mp4",
            "type": "video"
          },
          {
            "id": "106",
            "title": "3- Setting up an Express Project",
            "duration": "3:13",
            "completed": false,
            "path": "/public/courses/The Ultimate TypeScript Course/11. Node and Express with TypeScript (20m)/106. 3- Setting up an Express Project                                  (3_13).mp4",
            "type": "video"
          },
          {
            "id": "107",
            "title": "4- Creating a Basic Route",
            "duration": "0:56",
            "completed": false,
            "path": "/public/courses/The Ultimate TypeScript Course/11. Node and Express with TypeScript (20m)/107. 4- Creating a Basic Route                                  (0_56).mp4",
            "type": "video"
          },
          {
            "id": "108",
            "title": "5- Creating a Router",
            "duration": "1:48",
            "completed": false,
            "path": "/public/courses/The Ultimate TypeScript Course/11. Node and Express with TypeScript (20m)/108. 5- Creating a Router                                  (1_48).mp4",
            "type": "video"
          },
          {
            "id": "109",
            "title": "6- Parsing Request Bodies",
            "duration": "3:36",
            "completed": false,
            "path": "/public/courses/The Ultimate TypeScript Course/11. Node and Express with TypeScript (20m)/109. 6- Parsing Request Bodies                                  (3_36).mp4",
            "type": "video"
          },
          {
            "id": "110",
            "title": "7- Building an API",
            "duration": "3:47",
            "completed": false,
            "path": "/public/courses/The Ultimate TypeScript Course/11. Node and Express with TypeScript (20m)/110. 7- Building an API                                  (3_47).mp4",
            "type": "video"
          }
        ]
      },
      {
        "chapter": "12. Course Wrap Up",
        "videos": [
          {
            "id": "111",
            "title": "Course Summary.pdf",
            "duration": "",
            "completed": false,
            "path": "/public/courses/The Ultimate TypeScript Course/12. Course Wrap Up/111. Course Summary.pdf",
            "type": "pdf"
          },
          {
            "id": "112",
            "title": "Course Wrap Up",
            "duration": "0:24",
            "completed": false,
            "path": "/public/courses/The Ultimate TypeScript Course/12. Course Wrap Up/112. Course Wrap Up                                  (0_24).mp4",
            "type": "video"
          }
        ]
      }
    ]
  },
  {
    "id": "ultimate-java-part-1-fundamentals",
    "title": "Ultimate Java Part 1 Fundamentals",
    "thumbnailUrl": "/courses/Ultimate Java Part 1 Fundamentals/thumbnail.jpg",
    "courseContent": [
      {
        "chapter": "1. Getting Started",
        "videos": [
          {
            "id": "1",
            "title": "1- Setting Up the Development Environment",
            "duration": "2:13",
            "completed": false,
            "path": "/public/courses/Ultimate Java Part 1 Fundamentals/1. Getting Started/1. 1- Setting Up the Development Environment                                  (2_13).mp4",
            "type": "video"
          },
          {
            "id": "3",
            "title": "2- Anatomy of a Java Program",
            "duration": "4:41",
            "completed": false,
            "path": "/public/courses/Ultimate Java Part 1 Fundamentals/1. Getting Started/3. 2- Anatomy of a Java Program                                  (4_41).mp4",
            "type": "video"
          },
          {
            "id": "4",
            "title": "3- Your First Java Program",
            "duration": "7:19",
            "completed": false,
            "path": "/public/courses/Ultimate Java Part 1 Fundamentals/1. Getting Started/4. 3- Your First Java Program                                  (7_19).mp4",
            "type": "video"
          },
          {
            "id": "5",
            "title": "4- How Java Code Gets Executed",
            "duration": "4:38",
            "completed": false,
            "path": "/public/courses/Ultimate Java Part 1 Fundamentals/1. Getting Started/5. 4- How Java Code Gets Executed                                  (4_38).mp4",
            "type": "video"
          },
          {
            "id": "6",
            "title": "5- 5 Interesting Facts about Java",
            "duration": "1:46",
            "completed": false,
            "path": "/public/courses/Ultimate Java Part 1 Fundamentals/1. Getting Started/6. 5- 5 Interesting Facts about Java                                  (1_46).mp4",
            "type": "video"
          },
          {
            "id": "7",
            "title": "6- Course Structure",
            "duration": "2:26",
            "completed": false,
            "path": "/public/courses/Ultimate Java Part 1 Fundamentals/1. Getting Started/7. 6- Course Structure                                  (2_26).mp4",
            "type": "video"
          }
        ]
      },
      {
        "chapter": "2. Types",
        "videos": [
          {
            "id": "11",
            "title": "1- Introduction",
            "duration": "0:34",
            "completed": false,
            "path": "/public/courses/Ultimate Java Part 1 Fundamentals/2. Types/11. 1- Introduction                                  (0_34).mp4",
            "type": "video"
          },
          {
            "id": "12",
            "title": "2- Variables",
            "duration": "3:10",
            "completed": false,
            "path": "/public/courses/Ultimate Java Part 1 Fundamentals/2. Types/12. 2- Variables                                  (3_10).mp4",
            "type": "video"
          },
          {
            "id": "13",
            "title": "3- Primitive Types",
            "duration": "5:19",
            "completed": false,
            "path": "/public/courses/Ultimate Java Part 1 Fundamentals/2. Types/13. 3- Primitive Types                                  (5_19).mp4",
            "type": "video"
          },
          {
            "id": "14",
            "title": "4- Reference Types",
            "duration": "4:47",
            "completed": false,
            "path": "/public/courses/Ultimate Java Part 1 Fundamentals/2. Types/14. 4- Reference Types                                  (4_47).mp4",
            "type": "video"
          },
          {
            "id": "15",
            "title": "5- Primitive vs Reference Types",
            "duration": "4:24",
            "completed": false,
            "path": "/public/courses/Ultimate Java Part 1 Fundamentals/2. Types/15. 5- Primitive vs Reference Types                                  (4_24).mp4",
            "type": "video"
          },
          {
            "id": "16",
            "title": "6- Strings",
            "duration": "7:03",
            "completed": false,
            "path": "/public/courses/Ultimate Java Part 1 Fundamentals/2. Types/16. 6- Strings                                  (7_03).mp4",
            "type": "video"
          },
          {
            "id": "17",
            "title": "7- Escape Sequences",
            "duration": "2:39",
            "completed": false,
            "path": "/public/courses/Ultimate Java Part 1 Fundamentals/2. Types/17. 7- Escape Sequences                                  (2_39).mp4",
            "type": "video"
          },
          {
            "id": "18",
            "title": "8- Arrays",
            "duration": "5:25",
            "completed": false,
            "path": "/public/courses/Ultimate Java Part 1 Fundamentals/2. Types/18. 8- Arrays                                  (5_25).mp4",
            "type": "video"
          },
          {
            "id": "19",
            "title": "9- Multi-dimensional Arrays",
            "duration": "2:36",
            "completed": false,
            "path": "/public/courses/Ultimate Java Part 1 Fundamentals/2. Types/19. 9- Multi-dimensional Arrays                                  (2_36).mp4",
            "type": "video"
          },
          {
            "id": "20",
            "title": "10- Constants",
            "duration": "1:51",
            "completed": false,
            "path": "/public/courses/Ultimate Java Part 1 Fundamentals/2. Types/20. 10- Constants                                  (1_51).mp4",
            "type": "video"
          },
          {
            "id": "21",
            "title": "11- Arithmetic Expressions",
            "duration": "4:03",
            "completed": false,
            "path": "/public/courses/Ultimate Java Part 1 Fundamentals/2. Types/21. 11- Arithmetic Expressions                                  (4_03).mp4",
            "type": "video"
          },
          {
            "id": "22",
            "title": "12- Order of Operations",
            "duration": "1:21",
            "completed": false,
            "path": "/public/courses/Ultimate Java Part 1 Fundamentals/2. Types/22. 12- Order of Operations                                  (1_21).mp4",
            "type": "video"
          },
          {
            "id": "23",
            "title": "13- Casting",
            "duration": "6:27",
            "completed": false,
            "path": "/public/courses/Ultimate Java Part 1 Fundamentals/2. Types/23. 13- Casting                                  (6_27).mp4",
            "type": "video"
          },
          {
            "id": "24",
            "title": "14- The Math Class",
            "duration": "4:42",
            "completed": false,
            "path": "/public/courses/Ultimate Java Part 1 Fundamentals/2. Types/24. 14- The Math Class                                  (4_42).mp4",
            "type": "video"
          },
          {
            "id": "25",
            "title": "15- Formatting Numbers",
            "duration": "5:49",
            "completed": false,
            "path": "/public/courses/Ultimate Java Part 1 Fundamentals/2. Types/25. 15- Formatting Numbers                                  (5_49).mp4",
            "type": "video"
          },
          {
            "id": "26",
            "title": "16- Reading Input",
            "duration": "5:05",
            "completed": false,
            "path": "/public/courses/Ultimate Java Part 1 Fundamentals/2. Types/26. 16- Reading Input                                  (5_05).mp4",
            "type": "video"
          },
          {
            "id": "27",
            "title": "17- Project- Mortgage Calculator",
            "duration": "2:10",
            "completed": false,
            "path": "/public/courses/Ultimate Java Part 1 Fundamentals/2. Types/27. 17- Project- Mortgage Calculator                                  (2_10).mp4",
            "type": "video"
          },
          {
            "id": "28",
            "title": "18- Solution",
            "duration": "4:18",
            "completed": false,
            "path": "/public/courses/Ultimate Java Part 1 Fundamentals/2. Types/28. 18- Solution                                  (4_18).mp4",
            "type": "video"
          },
          {
            "id": "29",
            "title": "19- Summary",
            "duration": "0:46",
            "completed": false,
            "path": "/public/courses/Ultimate Java Part 1 Fundamentals/2. Types/29. 19- Summary                                  (0_46).mp4",
            "type": "video"
          }
        ]
      },
      {
        "chapter": "3. Control Flow",
        "videos": [
          {
            "id": "30",
            "title": "1- Introduction",
            "duration": "0:47",
            "completed": false,
            "path": "/public/courses/Ultimate Java Part 1 Fundamentals/3. Control Flow/30. 1- Introduction                                  (0_47).mp4",
            "type": "video"
          },
          {
            "id": "31",
            "title": "2- Comparison Operators",
            "duration": "1:45",
            "completed": false,
            "path": "/public/courses/Ultimate Java Part 1 Fundamentals/3. Control Flow/31. 2- Comparison Operators                                  (1_45).mp4",
            "type": "video"
          },
          {
            "id": "32",
            "title": "3- Logical Operators",
            "duration": "4:36",
            "completed": false,
            "path": "/public/courses/Ultimate Java Part 1 Fundamentals/3. Control Flow/32. 3- Logical Operators                                  (4_36).mp4",
            "type": "video"
          },
          {
            "id": "33",
            "title": "4- If Statements",
            "duration": "4:25",
            "completed": false,
            "path": "/public/courses/Ultimate Java Part 1 Fundamentals/3. Control Flow/33. 4- If Statements                                  (4_25).mp4",
            "type": "video"
          },
          {
            "id": "34",
            "title": "5- Simplifying If Statements",
            "duration": "3:29",
            "completed": false,
            "path": "/public/courses/Ultimate Java Part 1 Fundamentals/3. Control Flow/34. 5- Simplifying If Statements                                  (3_29).mp4",
            "type": "video"
          },
          {
            "id": "35",
            "title": "6- The Ternary Operator",
            "duration": "2:29",
            "completed": false,
            "path": "/public/courses/Ultimate Java Part 1 Fundamentals/3. Control Flow/35. 6- The Ternary Operator                                  (2_29).mp4",
            "type": "video"
          },
          {
            "id": "36",
            "title": "7- Switch Statements",
            "duration": "3:50",
            "completed": false,
            "path": "/public/courses/Ultimate Java Part 1 Fundamentals/3. Control Flow/36. 7- Switch Statements                                  (3_50).mp4",
            "type": "video"
          },
          {
            "id": "37",
            "title": "8- Exercise- FizzBuzz",
            "duration": "5:57",
            "completed": false,
            "path": "/public/courses/Ultimate Java Part 1 Fundamentals/3. Control Flow/37. 8- Exercise- FizzBuzz                                  (5_57).mp4",
            "type": "video"
          },
          {
            "id": "38",
            "title": "9- For Loops",
            "duration": "3:48",
            "completed": false,
            "path": "/public/courses/Ultimate Java Part 1 Fundamentals/3. Control Flow/38. 9- For Loops                                  (3_48).mp4",
            "type": "video"
          },
          {
            "id": "39",
            "title": "10- While Loops",
            "duration": "4:26",
            "completed": false,
            "path": "/public/courses/Ultimate Java Part 1 Fundamentals/3. Control Flow/39. 10- While Loops                                  (4_26).mp4",
            "type": "video"
          },
          {
            "id": "40",
            "title": "11- Do..While Loops",
            "duration": "1:17",
            "completed": false,
            "path": "/public/courses/Ultimate Java Part 1 Fundamentals/3. Control Flow/40. 11- Do..While Loops                                  (1_17).mp4",
            "type": "video"
          },
          {
            "id": "41",
            "title": "12- Break and Continue Statements",
            "duration": "3:15",
            "completed": false,
            "path": "/public/courses/Ultimate Java Part 1 Fundamentals/3. Control Flow/41. 12- Break and Continue Statements                                  (3_15).mp4",
            "type": "video"
          },
          {
            "id": "42",
            "title": "13- For-Each Loop",
            "duration": "3:07",
            "completed": false,
            "path": "/public/courses/Ultimate Java Part 1 Fundamentals/3. Control Flow/42. 13- For-Each Loop                                  (3_07).mp4",
            "type": "video"
          },
          {
            "id": "43",
            "title": "14- Project- Mortgage Calculator",
            "duration": "1:27",
            "completed": false,
            "path": "/public/courses/Ultimate Java Part 1 Fundamentals/3. Control Flow/43. 14- Project- Mortgage Calculator                                  (1_27).mp4",
            "type": "video"
          },
          {
            "id": "44",
            "title": "15- Solution",
            "duration": "5:00",
            "completed": false,
            "path": "/public/courses/Ultimate Java Part 1 Fundamentals/3. Control Flow/44. 15- Solution                                  (5_00).mp4",
            "type": "video"
          },
          {
            "id": "45",
            "title": "16- Summary",
            "duration": "0:55",
            "completed": false,
            "path": "/public/courses/Ultimate Java Part 1 Fundamentals/3. Control Flow/45. 16- Summary                                  (0_55).mp4",
            "type": "video"
          }
        ]
      },
      {
        "chapter": "4. Clean Coding",
        "videos": [
          {
            "id": "46",
            "title": "1- Introduction",
            "duration": "0:38",
            "completed": false,
            "path": "/public/courses/Ultimate Java Part 1 Fundamentals/4. Clean Coding/46. 1- Introduction                                  (0_38).mp4",
            "type": "video"
          },
          {
            "id": "47",
            "title": "2- Clean Coding",
            "duration": "1:11",
            "completed": false,
            "path": "/public/courses/Ultimate Java Part 1 Fundamentals/4. Clean Coding/47. 2- Clean Coding                                  (1_11).mp4",
            "type": "video"
          },
          {
            "id": "48",
            "title": "3- Creating Methods",
            "duration": "4:41",
            "completed": false,
            "path": "/public/courses/Ultimate Java Part 1 Fundamentals/4. Clean Coding/48. 3- Creating Methods                                  (4_41).mp4",
            "type": "video"
          },
          {
            "id": "49",
            "title": "4- Refactoring",
            "duration": "2:25",
            "completed": false,
            "path": "/public/courses/Ultimate Java Part 1 Fundamentals/4. Clean Coding/49. 4- Refactoring                                  (2_25).mp4",
            "type": "video"
          },
          {
            "id": "50",
            "title": "5- Extracting Methods",
            "duration": "6:16",
            "completed": false,
            "path": "/public/courses/Ultimate Java Part 1 Fundamentals/4. Clean Coding/50. 5- Extracting Methods                                  (6_16).mp4",
            "type": "video"
          },
          {
            "id": "51",
            "title": "6- Refactoring Repetitive Patterns",
            "duration": "6:15",
            "completed": false,
            "path": "/public/courses/Ultimate Java Part 1 Fundamentals/4. Clean Coding/51. 6- Refactoring Repetitive Patterns                                  (6_15).mp4",
            "type": "video"
          },
          {
            "id": "52",
            "title": "7- Project- Payment Schedule",
            "duration": "2:10",
            "completed": false,
            "path": "/public/courses/Ultimate Java Part 1 Fundamentals/4. Clean Coding/52. 7- Project- Payment Schedule                                  (2_10).mp4",
            "type": "video"
          },
          {
            "id": "53",
            "title": "8- Solution",
            "duration": "9:11",
            "completed": false,
            "path": "/public/courses/Ultimate Java Part 1 Fundamentals/4. Clean Coding/53. 8- Solution                                  (9_11).mp4",
            "type": "video"
          },
          {
            "id": "54",
            "title": "9- Refactoring the Code",
            "duration": "3:22",
            "completed": false,
            "path": "/public/courses/Ultimate Java Part 1 Fundamentals/4. Clean Coding/54. 9- Refactoring the Code                                  (3_22).mp4",
            "type": "video"
          },
          {
            "id": "55",
            "title": "10- Summary",
            "duration": "0:43",
            "completed": false,
            "path": "/public/courses/Ultimate Java Part 1 Fundamentals/4. Clean Coding/55. 10- Summary                                  (0_43).mp4",
            "type": "video"
          }
        ]
      },
      {
        "chapter": "5. Debugging and Deploying Applications",
        "videos": [
          {
            "id": "56",
            "title": "1- Introduction",
            "duration": "0:31",
            "completed": false,
            "path": "/public/courses/Ultimate Java Part 1 Fundamentals/5. Debugging and Deploying Applications/56. 1- Introduction                                  (0_31).mp4",
            "type": "video"
          },
          {
            "id": "57",
            "title": "2- Types of Errors",
            "duration": "1:26",
            "completed": false,
            "path": "/public/courses/Ultimate Java Part 1 Fundamentals/5. Debugging and Deploying Applications/57. 2- Types of Errors                                  (1_26).mp4",
            "type": "video"
          },
          {
            "id": "58",
            "title": "3- Common Syntax Errors",
            "duration": "3:09",
            "completed": false,
            "path": "/public/courses/Ultimate Java Part 1 Fundamentals/5. Debugging and Deploying Applications/58. 3- Common Syntax Errors                                  (3_09).mp4",
            "type": "video"
          },
          {
            "id": "59",
            "title": "4- Debugging Java Applications",
            "duration": "8:08",
            "completed": false,
            "path": "/public/courses/Ultimate Java Part 1 Fundamentals/5. Debugging and Deploying Applications/59. 4- Debugging Java Applications                                  (8_08).mp4",
            "type": "video"
          },
          {
            "id": "60",
            "title": "5- Packaging Java Applications",
            "duration": "4:11",
            "completed": false,
            "path": "/public/courses/Ultimate Java Part 1 Fundamentals/5. Debugging and Deploying Applications/60. 5- Packaging Java Applications                                  (4_11).mp4",
            "type": "video"
          },
          {
            "id": "61",
            "title": "6- Course Wrap Up",
            "duration": "0:40",
            "completed": false,
            "path": "/public/courses/Ultimate Java Part 1 Fundamentals/5. Debugging and Deploying Applications/61. 6- Course Wrap Up                                  (0_40).mp4",
            "type": "video"
          }
        ]
      }
    ]
  }
]